X,CH1,CH2,Start,Increment,
Sequence,Volt,Volt,-3.500000e-02,5.000000e-05,
0,1.160000e+00,2.344000e-01,
1,1.040000e+00,2.324000e-01,
2,1.160000e+00,2.344000e-01,
3,1.040000e+00,2.324000e-01,
4,1.160000e+00,2.344000e-01,
5,1.080000e+00,2.320000e-01,
6,1.080000e+00,2.344000e-01,
7,1.160000e+00,2.320000e-01,
8,1.160000e+00,2.344000e-01,
9,1.080000e+00,2.320000e-01,
10,1.080000e+00,2.344000e-01,
11,1.200000e+00,2.320000e-01,
12,1.080000e+00,2.344000e-01,
13,1.200000e+00,2.320000e-01,
14,1.080000e+00,2.320000e-01,
15,1.200000e+00,2.344000e-01,
16,1.200000e+00,2.344000e-01,
17,1.080000e+00,2.320000e-01,
18,1.120000e+00,2.344000e-01,
19,1.200000e+00,2.320000e-01,
20,1.120000e+00,2.324000e-01,
21,1.200000e+00,2.344000e-01,
22,1.120000e+00,2.344000e-01,
23,1.200000e+00,2.316000e-01,
24,1.200000e+00,2.344000e-01,
25,1.080000e+00,2.316000e-01,
26,1.200000e+00,2.344000e-01,
27,1.080000e+00,2.320000e-01,
28,1.200000e+00,2.340000e-01,
29,1.080000e+00,2.320000e-01,
30,1.160000e+00,2.344000e-01,
31,1.080000e+00,2.316000e-01,
32,1.160000e+00,2.344000e-01,
33,1.080000e+00,2.312000e-01,
34,1.160000e+00,2.340000e-01,
35,1.040000e+00,2.316000e-01,
36,1.160000e+00,2.340000e-01,
37,1.040000e+00,2.316000e-01,
38,1.040000e+00,2.340000e-01,
39,1.160000e+00,2.316000e-01,
40,1.120000e+00,2.340000e-01,
41,1.000000e+00,2.308000e-01,
42,1.000000e+00,2.336000e-01,
43,1.120000e+00,2.312000e-01,
44,1.080000e+00,2.336000e-01,
45,9.600000e-01,2.308000e-01,
46,1.040000e+00,2.336000e-01,
47,9.200000e-01,2.308000e-01,
48,1.040000e+00,2.332000e-01,
49,9.200000e-01,2.308000e-01,
50,1.000000e+00,2.308000e-01,
51,8.800000e-01,2.332000e-01,
52,8.800000e-01,2.300000e-01,
53,1.000000e+00,2.332000e-01,
54,9.600000e-01,2.328000e-01,
55,8.400000e-01,2.296000e-01,
56,9.200000e-01,2.324000e-01,
57,8.000000e-01,2.292000e-01,
58,9.200000e-01,2.292000e-01,
59,7.600000e-01,2.324000e-01,
60,8.800000e-01,2.320000e-01,
61,7.600000e-01,2.288000e-01,
62,8.400000e-01,2.320000e-01,
63,7.200000e-01,2.284000e-01,
64,8.000000e-01,2.312000e-01,
65,7.200000e-01,2.280000e-01,
66,8.000000e-01,2.304000e-01,
67,6.800000e-01,2.272000e-01,
68,7.600000e-01,2.300000e-01,
69,6.400000e-01,2.264000e-01,
70,7.200000e-01,2.292000e-01,
71,6.000000e-01,2.256000e-01,
72,6.800000e-01,2.284000e-01,
73,5.600000e-01,2.248000e-01,
74,6.800000e-01,2.272000e-01,
75,5.200000e-01,2.232000e-01,
76,5.200000e-01,2.256000e-01,
77,6.400000e-01,2.220000e-01,
78,6.000000e-01,2.240000e-01,
79,4.800000e-01,2.200000e-01,
80,5.600000e-01,2.220000e-01,
81,4.800000e-01,2.180000e-01,
82,5.600000e-01,2.200000e-01,
83,4.400000e-01,2.160000e-01,
84,5.200000e-01,2.180000e-01,
85,4.000000e-01,2.136000e-01,
86,4.800000e-01,2.156000e-01,
87,3.600000e-01,2.120000e-01,
88,4.800000e-01,2.136000e-01,
89,3.200000e-01,2.100000e-01,
90,4.400000e-01,2.124000e-01,
91,3.200000e-01,2.084000e-01,
92,4.000000e-01,2.104000e-01,
93,2.400000e-01,2.068000e-01,
94,3.600000e-01,2.088000e-01,
95,2.400000e-01,2.048000e-01,
96,3.200000e-01,2.072000e-01,
97,2.000000e-01,2.044000e-01,
98,2.800000e-01,2.072000e-01,
99,1.600000e-01,2.044000e-01,
100,2.400000e-01,2.048000e-01,
101,1.200000e-01,2.080000e-01,
102,2.000000e-01,2.056000e-01,
103,8.000000e-02,2.088000e-01,
104,1.600000e-01,2.064000e-01,
105,4.000000e-02,2.100000e-01,
106,4.000000e-02,2.080000e-01,
107,1.600000e-01,2.116000e-01,
108,1.200000e-01,2.096000e-01,
109,0.000000e+00,2.128000e-01,
110,8.000000e-02,2.108000e-01,
111,0.000000e+00,2.140000e-01,
112,8.000000e-02,2.120000e-01,
113,-4.000000e-02,2.156000e-01,
114,8.000000e-02,2.132000e-01,
115,-8.000000e-02,2.168000e-01,
116,4.000000e-02,2.140000e-01,
117,-8.000000e-02,2.180000e-01,
118,0.000000e+00,2.160000e-01,
119,-1.200000e-01,2.192000e-01,
120,-4.000000e-02,2.200000e-01,
121,-1.600000e-01,2.164000e-01,
122,-4.000000e-02,2.176000e-01,
123,-1.600000e-01,2.216000e-01,
124,-8.000000e-02,2.184000e-01,
125,-2.000000e-01,2.224000e-01,
126,-1.200000e-01,2.196000e-01,
127,-2.000000e-01,2.232000e-01,
128,-1.200000e-01,2.200000e-01,
129,-2.400000e-01,2.240000e-01,
130,-1.600000e-01,2.208000e-01,
131,-2.800000e-01,2.248000e-01,
132,-2.800000e-01,2.216000e-01,
133,-1.600000e-01,2.260000e-01,
134,-2.000000e-01,2.228000e-01,
135,-3.200000e-01,2.268000e-01,
136,-2.400000e-01,2.240000e-01,
137,-3.200000e-01,2.276000e-01,
138,-2.400000e-01,2.248000e-01,
139,-3.600000e-01,2.284000e-01,
140,-2.800000e-01,2.252000e-01,
141,-3.600000e-01,2.292000e-01,
142,-2.800000e-01,2.256000e-01,
143,-4.000000e-01,2.292000e-01,
144,-3.200000e-01,2.264000e-01,
145,-4.000000e-01,2.296000e-01,
146,-3.200000e-01,2.272000e-01,
147,-4.400000e-01,2.304000e-01,
148,-3.600000e-01,2.272000e-01,
149,-4.400000e-01,2.312000e-01,
150,-3.600000e-01,2.280000e-01,
151,-4.800000e-01,2.312000e-01,
152,-4.000000e-01,2.284000e-01,
153,-4.800000e-01,2.316000e-01,
154,-4.000000e-01,2.288000e-01,
155,-5.200000e-01,2.320000e-01,
156,-5.200000e-01,2.288000e-01,
157,-4.000000e-01,2.324000e-01,
158,-4.400000e-01,2.292000e-01,
159,-5.600000e-01,2.324000e-01,
160,-4.400000e-01,2.300000e-01,
161,-5.600000e-01,2.328000e-01,
162,-4.800000e-01,2.296000e-01,
163,-5.600000e-01,2.328000e-01,
164,-4.800000e-01,2.304000e-01,
165,-6.000000e-01,2.328000e-01,
166,-5.200000e-01,2.328000e-01,
167,-6.400000e-01,2.304000e-01,
168,-5.200000e-01,2.332000e-01,
169,-6.400000e-01,2.304000e-01,
170,-5.600000e-01,2.308000e-01,
171,-6.800000e-01,2.332000e-01,
172,-6.000000e-01,2.308000e-01,
173,-7.200000e-01,2.336000e-01,
174,-6.400000e-01,2.312000e-01,
175,-7.600000e-01,2.336000e-01,
176,-6.800000e-01,2.312000e-01,
177,-8.000000e-01,2.336000e-01,
178,-7.200000e-01,2.312000e-01,
179,-8.000000e-01,2.336000e-01,
180,-7.200000e-01,2.312000e-01,
181,-8.400000e-01,2.336000e-01,
182,-8.400000e-01,2.312000e-01,
183,-7.200000e-01,2.340000e-01,
184,-7.600000e-01,2.312000e-01,
185,-8.400000e-01,2.340000e-01,
186,-7.600000e-01,2.312000e-01,
187,-8.800000e-01,2.336000e-01,
188,-7.600000e-01,2.312000e-01,
189,-8.800000e-01,2.340000e-01,
190,-8.000000e-01,2.316000e-01,
191,-8.800000e-01,2.340000e-01,
192,-8.000000e-01,2.340000e-01,
193,-9.200000e-01,2.312000e-01,
194,-8.400000e-01,2.340000e-01,
195,-9.200000e-01,2.312000e-01,
196,-8.400000e-01,2.316000e-01,
197,-9.200000e-01,2.340000e-01,
198,-8.400000e-01,2.316000e-01,
199,-9.600000e-01,2.340000e-01,
200,-9.600000e-01,2.340000e-01,
201,-8.400000e-01,2.312000e-01,
202,-8.800000e-01,2.316000e-01,
203,-9.600000e-01,2.340000e-01,
204,-8.800000e-01,2.340000e-01,
205,-1.000000e+00,2.316000e-01,
206,-8.800000e-01,2.340000e-01,
207,-1.000000e+00,2.316000e-01,
208,-9.600000e-01,2.340000e-01,
209,-8.800000e-01,2.316000e-01,
210,-8.800000e-01,2.316000e-01,
211,-1.000000e+00,2.340000e-01,
212,-1.000000e+00,2.340000e-01,
213,-8.800000e-01,2.316000e-01,
214,-1.000000e+00,2.340000e-01,
215,-8.800000e-01,2.312000e-01,
216,-9.200000e-01,2.340000e-01,
217,-1.000000e+00,2.316000e-01,
218,-1.000000e+00,2.316000e-01,
219,-9.200000e-01,2.340000e-01,
220,-1.000000e+00,2.312000e-01,
221,-9.200000e-01,2.340000e-01,
222,-9.200000e-01,2.312000e-01,
223,-1.000000e+00,2.340000e-01,
224,-9.200000e-01,2.316000e-01,
225,-1.000000e+00,2.336000e-01,
226,-1.000000e+00,2.336000e-01,
227,-8.800000e-01,2.316000e-01,
228,-1.000000e+00,2.336000e-01,
229,-8.800000e-01,2.312000e-01,
230,-8.800000e-01,2.312000e-01,
231,-1.000000e+00,2.340000e-01,
232,-9.600000e-01,2.336000e-01,
233,-8.800000e-01,2.312000e-01,
234,-8.800000e-01,2.336000e-01,
235,-9.600000e-01,2.312000e-01,
236,-9.600000e-01,2.312000e-01,
237,-8.400000e-01,2.336000e-01,
238,-9.200000e-01,2.336000e-01,
239,-8.400000e-01,2.308000e-01,
240,-9.200000e-01,2.336000e-01,
241,-8.400000e-01,2.312000e-01,
242,-9.200000e-01,2.332000e-01,
243,-8.000000e-01,2.312000e-01,
244,-8.800000e-01,2.308000e-01,
245,-7.600000e-01,2.336000e-01,
246,-8.800000e-01,2.308000e-01,
247,-7.600000e-01,2.336000e-01,
248,-8.400000e-01,2.308000e-01,
249,-7.200000e-01,2.332000e-01,
250,-8.000000e-01,2.332000e-01,
251,-7.200000e-01,2.300000e-01,
252,-8.000000e-01,2.304000e-01,
253,-6.800000e-01,2.332000e-01,
254,-7.600000e-01,2.300000e-01,
255,-6.400000e-01,2.328000e-01,
256,-7.200000e-01,2.300000e-01,
257,-6.000000e-01,2.328000e-01,
258,-7.200000e-01,2.324000e-01,
259,-6.000000e-01,2.296000e-01,
260,-6.800000e-01,2.296000e-01,
261,-5.600000e-01,2.324000e-01,
262,-6.400000e-01,2.320000e-01,
263,-5.200000e-01,2.292000e-01,
264,-6.000000e-01,2.316000e-01,
265,-4.800000e-01,2.288000e-01,
266,-6.000000e-01,2.316000e-01,
267,-4.800000e-01,2.284000e-01,
268,-5.600000e-01,2.308000e-01,
269,-4.400000e-01,2.276000e-01,
270,-5.200000e-01,2.300000e-01,
271,-4.000000e-01,2.276000e-01,
272,-4.800000e-01,2.300000e-01,
273,-4.000000e-01,2.272000e-01,
274,-3.600000e-01,2.292000e-01,
275,-4.800000e-01,2.268000e-01,
276,-4.400000e-01,2.288000e-01,
277,-3.200000e-01,2.260000e-01,
278,-4.000000e-01,2.284000e-01,
279,-3.200000e-01,2.252000e-01,
280,-4.000000e-01,2.272000e-01,
281,-2.800000e-01,2.244000e-01,
282,-3.600000e-01,2.268000e-01,
283,-2.400000e-01,2.240000e-01,
284,-3.200000e-01,2.260000e-01,
285,-2.400000e-01,2.228000e-01,
286,-3.200000e-01,2.248000e-01,
287,-2.000000e-01,2.220000e-01,
288,-2.800000e-01,2.236000e-01,
289,-1.600000e-01,2.208000e-01,
290,-2.400000e-01,2.232000e-01,
291,-1.200000e-01,2.196000e-01,
292,-2.000000e-01,2.220000e-01,
293,-8.000000e-02,2.192000e-01,
294,-1.600000e-01,2.208000e-01,
295,-4.000000e-02,2.180000e-01,
296,-1.200000e-01,2.196000e-01,
297,4.000000e-02,2.168000e-01,
298,-8.000000e-02,2.188000e-01,
299,8.000000e-02,2.156000e-01,
300,-4.000000e-02,2.172000e-01,
301,8.000000e-02,2.144000e-01,
302,0.000000e+00,2.164000e-01,
303,1.200000e-01,2.132000e-01,
304,4.000000e-02,2.152000e-01,
305,1.600000e-01,2.120000e-01,
306,1.600000e-01,2.140000e-01,
307,4.000000e-02,2.104000e-01,
308,8.000000e-02,2.124000e-01,
309,2.000000e-01,2.088000e-01,
310,1.200000e-01,2.108000e-01,
311,2.400000e-01,2.076000e-01,
312,1.200000e-01,2.096000e-01,
313,2.400000e-01,2.064000e-01,
314,1.600000e-01,2.080000e-01,
315,2.800000e-01,2.052000e-01,
316,1.600000e-01,2.076000e-01,
317,2.800000e-01,2.040000e-01,
318,2.000000e-01,2.068000e-01,
319,3.200000e-01,2.036000e-01,
320,3.200000e-01,2.036000e-01,
321,2.000000e-01,2.072000e-01,
322,2.400000e-01,2.048000e-01,
323,3.600000e-01,2.084000e-01,
324,2.800000e-01,2.052000e-01,
325,4.000000e-01,2.100000e-01,
326,3.200000e-01,2.072000e-01,
327,4.000000e-01,2.116000e-01,
328,3.200000e-01,2.088000e-01,
329,4.400000e-01,2.136000e-01,
330,3.600000e-01,2.108000e-01,
331,4.800000e-01,2.152000e-01,
332,3.600000e-01,2.128000e-01,
333,4.800000e-01,2.172000e-01,
334,4.000000e-01,2.148000e-01,
335,5.200000e-01,2.196000e-01,
336,5.200000e-01,2.168000e-01,
337,4.000000e-01,2.212000e-01,
338,4.400000e-01,2.188000e-01,
339,5.600000e-01,2.232000e-01,
340,4.800000e-01,2.208000e-01,
341,5.600000e-01,2.248000e-01,
342,4.800000e-01,2.224000e-01,
343,6.000000e-01,2.268000e-01,
344,5.200000e-01,2.240000e-01,
345,6.000000e-01,2.280000e-01,
346,5.200000e-01,2.248000e-01,
347,6.400000e-01,2.284000e-01,
348,6.400000e-01,2.264000e-01,
349,5.200000e-01,2.296000e-01,
350,5.600000e-01,2.268000e-01,
351,6.800000e-01,2.304000e-01,
352,5.600000e-01,2.276000e-01,
353,6.800000e-01,2.308000e-01,
354,6.800000e-01,2.312000e-01,
355,6.000000e-01,2.280000e-01,
356,7.200000e-01,2.284000e-01,
357,6.000000e-01,2.316000e-01,
358,6.400000e-01,2.292000e-01,
359,7.200000e-01,2.316000e-01,
360,6.400000e-01,2.320000e-01,
361,7.600000e-01,2.296000e-01,
362,6.800000e-01,2.324000e-01,
363,7.600000e-01,2.300000e-01,
364,6.800000e-01,2.304000e-01,
365,8.000000e-01,2.328000e-01,
366,7.200000e-01,2.304000e-01,
367,8.400000e-01,2.328000e-01,
368,7.200000e-01,2.332000e-01,
369,8.800000e-01,2.304000e-01,
370,7.600000e-01,2.308000e-01,
371,8.800000e-01,2.332000e-01,
372,8.000000e-01,2.308000e-01,
373,9.200000e-01,2.344000e-01,
374,8.400000e-01,2.312000e-01,
375,9.600000e-01,2.336000e-01,
376,8.800000e-01,2.340000e-01,
377,1.000000e+00,2.312000e-01,
378,8.800000e-01,2.312000e-01,
379,1.000000e+00,2.340000e-01,
380,8.800000e-01,2.316000e-01,
381,1.040000e+00,2.340000e-01,
382,9.200000e-01,2.316000e-01,
383,1.040000e+00,2.340000e-01,
384,9.200000e-01,2.340000e-01,
385,1.040000e+00,2.316000e-01,
386,9.600000e-01,2.340000e-01,
387,1.040000e+00,2.316000e-01,
388,1.040000e+00,2.320000e-01,
389,9.600000e-01,2.344000e-01,
390,9.600000e-01,2.340000e-01,
391,1.080000e+00,2.316000e-01,
392,1.000000e+00,2.340000e-01,
393,1.080000e+00,2.320000e-01,
394,1.000000e+00,2.344000e-01,
395,1.120000e+00,2.316000e-01,
396,1.000000e+00,2.320000e-01,
397,1.120000e+00,2.348000e-01,
398,1.120000e+00,2.344000e-01,
399,1.040000e+00,2.320000e-01,
400,1.040000e+00,2.344000e-01,
401,1.160000e+00,2.316000e-01,
402,1.040000e+00,2.344000e-01,
403,1.160000e+00,2.320000e-01,
404,1.160000e+00,2.324000e-01,
405,1.040000e+00,2.344000e-01,
406,1.160000e+00,2.348000e-01,
407,1.040000e+00,2.320000e-01,
408,1.080000e+00,2.344000e-01,
409,1.160000e+00,2.320000e-01,
410,1.160000e+00,2.348000e-01,
411,1.080000e+00,2.316000e-01,
412,1.080000e+00,2.324000e-01,
413,1.200000e+00,2.348000e-01,
414,1.200000e+00,2.344000e-01,
415,1.080000e+00,2.320000e-01,
416,1.120000e+00,2.344000e-01,
417,1.200000e+00,2.320000e-01,
418,1.200000e+00,2.324000e-01,
419,1.120000e+00,2.344000e-01,
420,1.200000e+00,2.320000e-01,
421,1.120000e+00,2.348000e-01,
422,1.200000e+00,2.344000e-01,
423,1.120000e+00,2.320000e-01,
424,1.200000e+00,2.344000e-01,
425,1.120000e+00,2.320000e-01,
426,1.200000e+00,2.344000e-01,
427,1.080000e+00,2.320000e-01,
428,1.200000e+00,2.344000e-01,
429,1.080000e+00,2.320000e-01,
430,1.200000e+00,2.344000e-01,
431,1.080000e+00,2.320000e-01,
432,1.200000e+00,2.344000e-01,
433,1.080000e+00,2.316000e-01,
434,1.160000e+00,2.312000e-01,
435,1.080000e+00,2.344000e-01,
436,1.160000e+00,2.340000e-01,
437,1.040000e+00,2.312000e-01,
438,1.160000e+00,2.316000e-01,
439,1.040000e+00,2.344000e-01,
440,1.040000e+00,2.316000e-01,
441,1.160000e+00,2.340000e-01,
442,1.120000e+00,2.336000e-01,
443,1.000000e+00,2.312000e-01,
444,1.080000e+00,2.336000e-01,
445,1.000000e+00,2.308000e-01,
446,1.080000e+00,2.336000e-01,
447,9.600000e-01,2.308000e-01,
448,1.040000e+00,2.308000e-01,
449,9.200000e-01,2.332000e-01,
450,1.040000e+00,2.308000e-01,
451,8.800000e-01,2.332000e-01,
452,1.000000e+00,2.296000e-01,
453,8.800000e-01,2.332000e-01,
454,9.600000e-01,2.328000e-01,
455,8.400000e-01,2.296000e-01,
456,9.200000e-01,2.324000e-01,
457,8.000000e-01,2.292000e-01,
458,8.800000e-01,2.288000e-01,
459,8.000000e-01,2.324000e-01,
460,8.800000e-01,2.320000e-01,
461,7.600000e-01,2.288000e-01,
462,8.400000e-01,2.316000e-01,
463,7.200000e-01,2.284000e-01,
464,8.000000e-01,2.312000e-01,
465,6.800000e-01,2.280000e-01,
466,6.800000e-01,2.308000e-01,
467,8.000000e-01,2.272000e-01,
468,7.600000e-01,2.300000e-01,
469,6.400000e-01,2.268000e-01,
470,7.200000e-01,2.292000e-01,
471,6.000000e-01,2.260000e-01,
472,6.800000e-01,2.280000e-01,
473,5.600000e-01,2.244000e-01,
474,5.600000e-01,2.268000e-01,
475,6.800000e-01,2.236000e-01,
476,6.400000e-01,2.260000e-01,
477,5.200000e-01,2.220000e-01,
478,6.000000e-01,2.240000e-01,
479,4.800000e-01,2.200000e-01,
480,4.800000e-01,2.224000e-01,
481,6.000000e-01,2.180000e-01,
482,5.600000e-01,2.200000e-01,
483,4.400000e-01,2.160000e-01,
484,5.200000e-01,2.184000e-01,
485,4.000000e-01,2.140000e-01,
486,4.000000e-01,2.156000e-01,
487,5.200000e-01,2.116000e-01,
488,4.800000e-01,2.136000e-01,
489,3.200000e-01,2.100000e-01,
490,4.400000e-01,2.120000e-01,
491,3.200000e-01,2.080000e-01,
492,4.000000e-01,2.100000e-01,
493,2.400000e-01,2.068000e-01,
494,2.400000e-01,2.084000e-01,
495,3.600000e-01,2.052000e-01,
496,2.800000e-01,2.072000e-01,
497,2.000000e-01,2.044000e-01,
498,2.400000e-01,2.072000e-01,
499,1.600000e-01,2.036000e-01,
500,2.400000e-01,2.044000e-01,
501,1.200000e-01,2.072000e-01,
502,2.000000e-01,2.052000e-01,
503,8.000000e-02,2.088000e-01,
504,1.600000e-01,2.064000e-01,
505,4.000000e-02,2.104000e-01,
506,4.000000e-02,2.076000e-01,
507,1.600000e-01,2.116000e-01,
508,1.200000e-01,2.092000e-01,
509,0.000000e+00,2.128000e-01,
510,8.000000e-02,2.108000e-01,
511,-4.000000e-02,2.144000e-01,
512,8.000000e-02,2.120000e-01,
513,-4.000000e-02,2.156000e-01,
514,4.000000e-02,2.132000e-01,
515,-8.000000e-02,2.168000e-01,
516,4.000000e-02,2.144000e-01,
517,-8.000000e-02,2.176000e-01,
518,0.000000e+00,2.156000e-01,
519,-1.200000e-01,2.192000e-01,
520,-4.000000e-02,2.168000e-01,
521,-1.200000e-01,2.208000e-01,
522,-1.600000e-01,2.172000e-01,
523,-4.000000e-02,2.212000e-01,
524,-8.000000e-02,2.188000e-01,
525,-2.000000e-01,2.224000e-01,
526,-2.000000e-01,2.192000e-01,
527,-1.200000e-01,2.232000e-01,
528,-1.200000e-01,2.200000e-01,
529,-2.400000e-01,2.240000e-01,
530,-1.600000e-01,2.212000e-01,
531,-2.800000e-01,2.248000e-01,
532,-2.000000e-01,2.220000e-01,
533,-2.800000e-01,2.260000e-01,
534,-2.000000e-01,2.232000e-01,
535,-3.200000e-01,2.268000e-01,
536,-2.400000e-01,2.236000e-01,
537,-3.600000e-01,2.276000e-01,
538,-2.400000e-01,2.240000e-01,
539,-3.600000e-01,2.284000e-01,
540,-2.800000e-01,2.252000e-01,
541,-3.600000e-01,2.288000e-01,
542,-2.800000e-01,2.292000e-01,
543,-4.000000e-01,2.260000e-01,
544,-3.200000e-01,2.264000e-01,
545,-4.400000e-01,2.300000e-01,
546,-3.200000e-01,2.272000e-01,
547,-4.400000e-01,2.308000e-01,
548,-3.600000e-01,2.268000e-01,
549,-4.400000e-01,2.308000e-01,
550,-3.600000e-01,2.280000e-01,
551,-4.800000e-01,2.312000e-01,
552,-4.000000e-01,2.280000e-01,
553,-4.800000e-01,2.316000e-01,
554,-4.000000e-01,2.288000e-01,
555,-5.200000e-01,2.316000e-01,
556,-4.000000e-01,2.288000e-01,
557,-5.200000e-01,2.320000e-01,
558,-4.400000e-01,2.296000e-01,
559,-5.600000e-01,2.324000e-01,
560,-4.400000e-01,2.296000e-01,
561,-5.600000e-01,2.324000e-01,
562,-4.800000e-01,2.324000e-01,
563,-6.000000e-01,2.300000e-01,
564,-6.000000e-01,2.328000e-01,
565,-4.800000e-01,2.304000e-01,
566,-5.200000e-01,2.304000e-01,
567,-6.400000e-01,2.328000e-01,
568,-5.600000e-01,2.304000e-01,
569,-6.800000e-01,2.332000e-01,
570,-5.600000e-01,2.308000e-01,
571,-7.200000e-01,2.332000e-01,
572,-6.000000e-01,2.308000e-01,
573,-7.600000e-01,2.336000e-01,
574,-6.400000e-01,2.312000e-01,
575,-7.600000e-01,2.336000e-01,
576,-6.800000e-01,2.312000e-01,
577,-8.000000e-01,2.336000e-01,
578,-7.200000e-01,2.336000e-01,
579,-8.000000e-01,2.312000e-01,
580,-7.200000e-01,2.336000e-01,
581,-8.400000e-01,2.312000e-01,
582,-8.400000e-01,2.336000e-01,
583,-7.200000e-01,2.312000e-01,
584,-7.600000e-01,2.336000e-01,
585,-8.400000e-01,2.312000e-01,
586,-7.600000e-01,2.316000e-01,
587,-8.800000e-01,2.336000e-01,
588,-7.600000e-01,2.340000e-01,
589,-8.800000e-01,2.312000e-01,
590,-8.800000e-01,2.316000e-01,
591,-7.600000e-01,2.340000e-01,
592,-8.000000e-01,2.312000e-01,
593,-9.200000e-01,2.340000e-01,
594,-8.000000e-01,2.340000e-01,
595,-9.200000e-01,2.316000e-01,
596,-9.200000e-01,2.340000e-01,
597,-8.400000e-01,2.316000e-01,
598,-8.400000e-01,2.340000e-01,
599,-9.200000e-01,2.316000e-01,
600,-8.400000e-01,2.316000e-01,
601,-9.600000e-01,2.340000e-01,
602,-8.800000e-01,2.316000e-01,
603,-9.600000e-01,2.340000e-01,
604,-8.800000e-01,2.316000e-01,
605,-9.600000e-01,2.340000e-01,
606,-8.800000e-01,2.316000e-01,
607,-9.600000e-01,2.340000e-01,
608,-8.800000e-01,2.340000e-01,
609,-9.600000e-01,2.312000e-01,
610,-8.800000e-01,2.316000e-01,
611,-1.000000e+00,2.340000e-01,
612,-1.000000e+00,2.340000e-01,
613,-8.800000e-01,2.316000e-01,
614,-1.000000e+00,2.316000e-01,
615,-8.800000e-01,2.340000e-01,
616,-9.200000e-01,2.308000e-01,
617,-1.000000e+00,2.340000e-01,
618,-9.200000e-01,2.316000e-01,
619,-1.000000e+00,2.340000e-01,
620,-1.000000e+00,2.340000e-01,
621,-9.200000e-01,2.308000e-01,
622,-9.200000e-01,2.340000e-01,
623,-1.000000e+00,2.312000e-01,
624,-9.200000e-01,2.340000e-01,
625,-1.000000e+00,2.312000e-01,
626,-1.000000e+00,2.340000e-01,
627,-9.200000e-01,2.316000e-01,
628,-1.000000e+00,2.316000e-01,
629,-8.800000e-01,2.340000e-01,
630,-1.000000e+00,2.312000e-01,
631,-8.800000e-01,2.340000e-01,
632,-8.800000e-01,2.316000e-01,
633,-1.000000e+00,2.340000e-01,
634,-9.600000e-01,2.336000e-01,
635,-8.800000e-01,2.312000e-01,
636,-8.800000e-01,2.336000e-01,
637,-9.600000e-01,2.312000e-01,
638,-9.600000e-01,2.312000e-01,
639,-8.400000e-01,2.340000e-01,
640,-9.200000e-01,2.340000e-01,
641,-8.400000e-01,2.312000e-01,
642,-9.200000e-01,2.336000e-01,
643,-8.000000e-01,2.312000e-01,
644,-8.800000e-01,2.336000e-01,
645,-8.000000e-01,2.312000e-01,
646,-8.800000e-01,2.312000e-01,
647,-7.600000e-01,2.336000e-01,
648,-8.400000e-01,2.308000e-01,
649,-7.200000e-01,2.336000e-01,
650,-8.400000e-01,2.332000e-01,
651,-7.200000e-01,2.308000e-01,
652,-8.000000e-01,2.332000e-01,
653,-6.800000e-01,2.304000e-01,
654,-7.600000e-01,2.304000e-01,
655,-6.800000e-01,2.328000e-01,
656,-7.600000e-01,2.300000e-01,
657,-6.400000e-01,2.328000e-01,
658,-7.200000e-01,2.324000e-01,
659,-6.000000e-01,2.296000e-01,
660,-6.800000e-01,2.320000e-01,
661,-5.600000e-01,2.296000e-01,
662,-5.600000e-01,2.292000e-01,
663,-6.800000e-01,2.324000e-01,
664,-6.400000e-01,2.316000e-01,
665,-5.200000e-01,2.284000e-01,
666,-6.000000e-01,2.316000e-01,
667,-4.800000e-01,2.284000e-01,
668,-5.600000e-01,2.308000e-01,
669,-4.400000e-01,2.280000e-01,
670,-5.200000e-01,2.304000e-01,
671,-4.000000e-01,2.276000e-01,
672,-5.200000e-01,2.300000e-01,
673,-3.600000e-01,2.272000e-01,
674,-4.800000e-01,2.296000e-01,
675,-3.600000e-01,2.268000e-01,
676,-4.400000e-01,2.292000e-01,
677,-3.200000e-01,2.260000e-01,
678,-4.000000e-01,2.284000e-01,
679,-2.800000e-01,2.256000e-01,
680,-4.000000e-01,2.276000e-01,
681,-2.800000e-01,2.248000e-01,
682,-3.600000e-01,2.268000e-01,
683,-2.400000e-01,2.240000e-01,
684,-3.200000e-01,2.260000e-01,
685,-2.400000e-01,2.228000e-01,
686,-2.800000e-01,2.252000e-01,
687,-2.000000e-01,2.216000e-01,
688,-2.800000e-01,2.240000e-01,
689,-1.600000e-01,2.208000e-01,
690,-2.400000e-01,2.232000e-01,
691,-1.200000e-01,2.200000e-01,
692,-2.000000e-01,2.220000e-01,
693,-4.000000e-02,2.192000e-01,
694,-1.600000e-01,2.212000e-01,
695,0.000000e+00,2.184000e-01,
696,-1.200000e-01,2.200000e-01,
697,4.000000e-02,2.168000e-01,
698,-8.000000e-02,2.188000e-01,
699,8.000000e-02,2.156000e-01,
700,8.000000e-02,2.176000e-01,
701,-4.000000e-02,2.144000e-01,
702,0.000000e+00,2.164000e-01,
703,1.200000e-01,2.132000e-01,
704,4.000000e-02,2.148000e-01,
705,1.600000e-01,2.116000e-01,
706,8.000000e-02,2.136000e-01,
707,1.600000e-01,2.100000e-01,
708,8.000000e-02,2.120000e-01,
709,2.000000e-01,2.088000e-01,
710,1.200000e-01,2.108000e-01,
711,2.000000e-01,2.072000e-01,
712,2.400000e-01,2.096000e-01,
713,8.000000e-02,2.060000e-01,
714,1.600000e-01,2.080000e-01,
715,2.400000e-01,2.052000e-01,
716,2.000000e-01,2.068000e-01,
717,2.800000e-01,2.040000e-01,
718,2.000000e-01,2.068000e-01,
719,3.200000e-01,2.024000e-01,
720,3.200000e-01,2.072000e-01,
721,2.000000e-01,2.036000e-01,
722,2.400000e-01,2.044000e-01,
723,3.600000e-01,2.084000e-01,
724,2.800000e-01,2.056000e-01,
725,4.000000e-01,2.100000e-01,
726,3.200000e-01,2.076000e-01,
727,4.000000e-01,2.120000e-01,
728,3.200000e-01,2.084000e-01,
729,4.400000e-01,2.132000e-01,
730,3.600000e-01,2.104000e-01,
731,4.800000e-01,2.152000e-01,
732,3.600000e-01,2.128000e-01,
733,4.800000e-01,2.176000e-01,
734,4.000000e-01,2.148000e-01,
735,5.200000e-01,2.200000e-01,
736,4.000000e-01,2.168000e-01,
737,5.200000e-01,2.216000e-01,
738,4.400000e-01,2.192000e-01,
739,5.600000e-01,2.236000e-01,
740,4.800000e-01,2.208000e-01,
741,5.600000e-01,2.256000e-01,
742,4.800000e-01,2.228000e-01,
743,6.000000e-01,2.264000e-01,
744,5.200000e-01,2.240000e-01,
745,6.000000e-01,2.280000e-01,
746,5.200000e-01,2.252000e-01,
747,6.400000e-01,2.288000e-01,
748,5.600000e-01,2.264000e-01,
749,6.400000e-01,2.296000e-01,
750,5.600000e-01,2.268000e-01,
751,6.800000e-01,2.304000e-01,
752,6.800000e-01,2.276000e-01,
753,5.600000e-01,2.308000e-01,
754,6.000000e-01,2.280000e-01,
755,7.200000e-01,2.316000e-01,
756,6.000000e-01,2.316000e-01,
757,7.200000e-01,2.288000e-01,
758,6.400000e-01,2.292000e-01,
759,7.200000e-01,2.324000e-01,
760,6.400000e-01,2.296000e-01,
761,7.600000e-01,2.320000e-01,
762,6.800000e-01,2.300000e-01,
763,7.600000e-01,2.328000e-01,
764,6.800000e-01,2.300000e-01,
765,8.000000e-01,2.328000e-01,
766,7.200000e-01,2.328000e-01,
767,8.400000e-01,2.304000e-01,
768,7.600000e-01,2.304000e-01,
769,8.400000e-01,2.332000e-01,
770,7.600000e-01,2.308000e-01,
771,8.800000e-01,2.336000e-01,
772,8.000000e-01,2.304000e-01,
773,9.600000e-01,2.352000e-01,
774,8.400000e-01,2.312000e-01,
775,9.600000e-01,2.340000e-01,
776,8.800000e-01,2.336000e-01,
777,1.000000e+00,2.308000e-01,
778,8.800000e-01,2.316000e-01,
779,1.000000e+00,2.336000e-01,
780,9.200000e-01,2.340000e-01,
781,1.040000e+00,2.312000e-01,
782,9.200000e-01,2.312000e-01,
783,1.040000e+00,2.340000e-01,
784,9.200000e-01,2.316000e-01,
785,1.040000e+00,2.340000e-01,
786,9.600000e-01,2.340000e-01,
787,1.040000e+00,2.316000e-01,
788,9.600000e-01,2.316000e-01,
789,1.080000e+00,2.344000e-01,
790,1.000000e+00,2.316000e-01,
791,1.120000e+00,2.344000e-01,
792,1.000000e+00,2.344000e-01,
793,1.120000e+00,2.316000e-01,
794,1.120000e+00,2.320000e-01,
795,1.000000e+00,2.348000e-01,
796,1.040000e+00,2.344000e-01,
797,1.120000e+00,2.316000e-01,
798,1.040000e+00,2.320000e-01,
799,1.160000e+00,2.344000e-01,
800,1.040000e+00,2.344000e-01,
801,1.160000e+00,2.320000e-01,
802,1.080000e+00,2.320000e-01,
803,1.160000e+00,2.348000e-01,
804,1.160000e+00,2.320000e-01,
805,1.080000e+00,2.348000e-01,
806,1.080000e+00,2.324000e-01,
807,1.200000e+00,2.348000e-01,
808,1.160000e+00,2.344000e-01,
809,1.080000e+00,2.320000e-01,
810,1.080000e+00,2.344000e-01,
811,1.200000e+00,2.324000e-01,
812,1.080000e+00,2.344000e-01,
813,1.200000e+00,2.320000e-01,
814,1.200000e+00,2.320000e-01,
815,1.080000e+00,2.348000e-01,
816,1.120000e+00,2.320000e-01,
817,1.200000e+00,2.348000e-01,
818,1.120000e+00,2.344000e-01,
819,1.200000e+00,2.320000e-01,
820,1.200000e+00,2.348000e-01,
821,1.080000e+00,2.320000e-01,
822,1.200000e+00,2.320000e-01,
823,1.080000e+00,2.344000e-01,
824,1.200000e+00,2.320000e-01,
825,1.080000e+00,2.344000e-01,
826,1.200000e+00,2.320000e-01,
827,1.080000e+00,2.344000e-01,
828,1.200000e+00,2.344000e-01,
829,1.080000e+00,2.320000e-01,
830,1.080000e+00,2.344000e-01,
831,1.200000e+00,2.316000e-01,
832,1.160000e+00,2.340000e-01,
833,1.080000e+00,2.316000e-01,
834,1.160000e+00,2.340000e-01,
835,1.040000e+00,2.316000e-01,
836,1.160000e+00,2.340000e-01,
837,1.040000e+00,2.316000e-01,
838,1.040000e+00,2.340000e-01,
839,1.160000e+00,2.312000e-01,
840,1.120000e+00,2.316000e-01,
841,1.000000e+00,2.340000e-01,
842,1.000000e+00,2.312000e-01,
843,1.120000e+00,2.336000e-01,
844,1.080000e+00,2.336000e-01,
845,9.600000e-01,2.312000e-01,
846,1.040000e+00,2.308000e-01,
847,9.200000e-01,2.336000e-01,
848,1.040000e+00,2.332000e-01,
849,9.200000e-01,2.308000e-01,
850,1.000000e+00,2.304000e-01,
851,8.800000e-01,2.332000e-01,
852,9.600000e-01,2.300000e-01,
853,8.800000e-01,2.332000e-01,
854,9.600000e-01,2.332000e-01,
855,8.400000e-01,2.296000e-01,
856,9.200000e-01,2.328000e-01,
857,8.000000e-01,2.296000e-01,
858,8.800000e-01,2.292000e-01,
859,8.000000e-01,2.324000e-01,
860,8.800000e-01,2.324000e-01,
861,7.600000e-01,2.288000e-01,
862,8.400000e-01,2.316000e-01,
863,7.200000e-01,2.284000e-01,
864,8.000000e-01,2.312000e-01,
865,6.800000e-01,2.280000e-01,
866,7.600000e-01,2.304000e-01,
867,6.400000e-01,2.272000e-01,
868,7.200000e-01,2.300000e-01,
869,6.400000e-01,2.264000e-01,
870,7.200000e-01,2.292000e-01,
871,6.000000e-01,2.256000e-01,
872,6.800000e-01,2.284000e-01,
873,5.600000e-01,2.248000e-01,
874,5.600000e-01,2.272000e-01,
875,6.800000e-01,2.236000e-01,
876,6.400000e-01,2.260000e-01,
877,5.200000e-01,2.220000e-01,
878,6.000000e-01,2.244000e-01,
879,4.800000e-01,2.204000e-01,
880,4.800000e-01,2.224000e-01,
881,6.000000e-01,2.184000e-01,
882,5.600000e-01,2.204000e-01,
883,4.400000e-01,2.160000e-01,
884,5.200000e-01,2.184000e-01,
885,4.400000e-01,2.140000e-01,
886,5.200000e-01,2.160000e-01,
887,3.600000e-01,2.120000e-01,
888,4.800000e-01,2.140000e-01,
889,3.600000e-01,2.104000e-01,
890,4.400000e-01,2.120000e-01,
891,3.200000e-01,2.084000e-01,
892,4.000000e-01,2.104000e-01,
893,2.800000e-01,2.068000e-01,
894,3.600000e-01,2.084000e-01,
895,2.400000e-01,2.052000e-01,
896,3.200000e-01,2.072000e-01,
897,1.600000e-01,2.044000e-01,
898,2.800000e-01,2.068000e-01,
899,1.200000e-01,2.040000e-01,
900,2.400000e-01,2.044000e-01,
901,1.200000e-01,2.072000e-01,
902,2.000000e-01,2.048000e-01,
903,8.000000e-02,2.084000e-01,
904,1.600000e-01,2.060000e-01,
905,4.000000e-02,2.100000e-01,
906,4.000000e-02,2.076000e-01,
907,1.600000e-01,2.108000e-01,
908,1.200000e-01,2.088000e-01,
909,0.000000e+00,2.128000e-01,
910,8.000000e-02,2.104000e-01,
911,0.000000e+00,2.140000e-01,
912,8.000000e-02,2.120000e-01,
913,-4.000000e-02,2.156000e-01,
914,4.000000e-02,2.128000e-01,
915,-4.000000e-02,2.164000e-01,
916,4.000000e-02,2.140000e-01,
917,-8.000000e-02,2.176000e-01,
918,0.000000e+00,2.152000e-01,
919,-1.200000e-01,2.188000e-01,
920,-4.000000e-02,2.164000e-01,
921,-1.200000e-01,2.196000e-01,
922,-4.000000e-02,2.172000e-01,
923,-1.600000e-01,2.208000e-01,
924,-8.000000e-02,2.180000e-01,
925,-2.000000e-01,2.224000e-01,
926,-8.000000e-02,2.192000e-01,
927,-2.000000e-01,2.228000e-01,
928,-1.200000e-01,2.200000e-01,
929,-2.400000e-01,2.240000e-01,
930,-1.600000e-01,2.208000e-01,
931,-2.400000e-01,2.244000e-01,
932,-1.600000e-01,2.216000e-01,
933,-2.800000e-01,2.256000e-01,
934,-2.000000e-01,2.228000e-01,
935,-3.200000e-01,2.264000e-01,
936,-2.400000e-01,2.232000e-01,
937,-3.200000e-01,2.272000e-01,
938,-2.400000e-01,2.276000e-01,
939,-3.600000e-01,2.244000e-01,
940,-2.800000e-01,2.252000e-01,
941,-4.000000e-01,2.288000e-01,
942,-2.800000e-01,2.256000e-01,
943,-4.000000e-01,2.292000e-01,
944,-3.200000e-01,2.264000e-01,
945,-4.000000e-01,2.296000e-01,
946,-3.200000e-01,2.268000e-01,
947,-4.400000e-01,2.300000e-01,
948,-3.600000e-01,2.268000e-01,
949,-4.400000e-01,2.304000e-01,
950,-3.600000e-01,2.276000e-01,
951,-4.800000e-01,2.308000e-01,
952,-4.800000e-01,2.280000e-01,
953,-3.600000e-01,2.312000e-01,
954,-4.000000e-01,2.316000e-01,
955,-5.200000e-01,2.284000e-01,
956,-5.200000e-01,2.292000e-01,
957,-4.000000e-01,2.324000e-01,
958,-4.400000e-01,2.292000e-01,
959,-5.200000e-01,2.324000e-01,
960,-4.400000e-01,2.296000e-01,
961,-5.600000e-01,2.324000e-01,
962,-4.800000e-01,2.300000e-01,
963,-5.600000e-01,2.324000e-01,
964,-4.800000e-01,2.328000e-01,
965,-6.000000e-01,2.300000e-01,
966,-5.200000e-01,2.304000e-01,
967,-6.400000e-01,2.328000e-01,
968,-5.600000e-01,2.304000e-01,
969,-6.800000e-01,2.336000e-01,
970,-5.600000e-01,2.308000e-01,
971,-7.200000e-01,2.332000e-01,
972,-6.000000e-01,2.332000e-01,
973,-7.200000e-01,2.308000e-01,
974,-7.600000e-01,2.312000e-01,
975,-6.400000e-01,2.336000e-01,
976,-6.800000e-01,2.312000e-01,
977,-8.000000e-01,2.336000e-01,
978,-7.200000e-01,2.312000e-01,
979,-8.000000e-01,2.336000e-01,
980,-7.200000e-01,2.336000e-01,
981,-8.400000e-01,2.312000e-01,
982,-7.200000e-01,2.312000e-01,
983,-8.400000e-01,2.336000e-01,
984,-7.600000e-01,2.336000e-01,
985,-8.400000e-01,2.312000e-01,
986,-7.600000e-01,2.340000e-01,
987,-8.800000e-01,2.312000e-01,
988,-7.600000e-01,2.316000e-01,
989,-8.800000e-01,2.340000e-01,
990,-8.000000e-01,2.316000e-01,
991,-9.200000e-01,2.340000e-01,
992,-8.000000e-01,2.312000e-01,
993,-9.200000e-01,2.340000e-01,
994,-8.400000e-01,2.316000e-01,
995,-9.200000e-01,2.340000e-01,
996,-9.200000e-01,2.340000e-01,
997,-8.400000e-01,2.312000e-01,
998,-9.200000e-01,2.340000e-01,
999,-8.400000e-01,2.316000e-01,
1000,-9.600000e-01,2.316000e-01,
1001,-8.400000e-01,2.340000e-01,
1002,-8.800000e-01,2.340000e-01,
1003,-9.600000e-01,2.312000e-01,
1004,-8.800000e-01,2.340000e-01,
1005,-9.600000e-01,2.316000e-01,
1006,-8.800000e-01,2.340000e-01,
1007,-1.000000e+00,2.316000e-01,
1008,-8.800000e-01,2.340000e-01,
1009,-1.000000e+00,2.316000e-01,
1010,-1.000000e+00,2.340000e-01,
1011,-8.800000e-01,2.316000e-01,
1012,-1.000000e+00,2.316000e-01,
1013,-8.800000e-01,2.344000e-01,
1014,-9.200000e-01,2.340000e-01,
1015,-1.000000e+00,2.316000e-01,
1016,-9.200000e-01,2.340000e-01,
1017,-1.000000e+00,2.316000e-01,
1018,-9.200000e-01,2.340000e-01,
1019,-1.000000e+00,2.312000e-01,
1020,-1.000000e+00,2.340000e-01,
1021,-9.200000e-01,2.316000e-01,
1022,-9.200000e-01,2.312000e-01,
1023,-1.000000e+00,2.340000e-01,
1024,-1.000000e+00,2.340000e-01,
1025,-8.800000e-01,2.316000e-01,
1026,-1.000000e+00,2.336000e-01,
1027,-8.800000e-01,2.312000e-01,
1028,-1.000000e+00,2.340000e-01,
1029,-8.800000e-01,2.312000e-01,
1030,-8.800000e-01,2.340000e-01,
1031,-1.000000e+00,2.312000e-01,
1032,-9.600000e-01,2.340000e-01,
1033,-8.800000e-01,2.308000e-01,
1034,-9.600000e-01,2.336000e-01,
1035,-8.400000e-01,2.312000e-01,
1036,-8.400000e-01,2.336000e-01,
1037,-9.600000e-01,2.312000e-01,
1038,-9.200000e-01,2.336000e-01,
1039,-8.400000e-01,2.312000e-01,
1040,-8.400000e-01,2.336000e-01,
1041,-9.200000e-01,2.312000e-01,
1042,-8.000000e-01,2.312000e-01,
1043,-9.200000e-01,2.336000e-01,
1044,-8.800000e-01,2.336000e-01,
1045,-7.600000e-01,2.304000e-01,
1046,-7.600000e-01,2.336000e-01,
1047,-8.800000e-01,2.308000e-01,
1048,-8.400000e-01,2.332000e-01,
1049,-7.200000e-01,2.308000e-01,
1050,-8.000000e-01,2.332000e-01,
1051,-6.800000e-01,2.304000e-01,
1052,-7.600000e-01,2.332000e-01,
1053,-6.800000e-01,2.304000e-01,
1054,-7.600000e-01,2.304000e-01,
1055,-6.400000e-01,2.332000e-01,
1056,-7.200000e-01,2.328000e-01,
1057,-6.400000e-01,2.300000e-01,
1058,-7.200000e-01,2.328000e-01,
1059,-6.000000e-01,2.300000e-01,
1060,-6.800000e-01,2.324000e-01,
1061,-5.600000e-01,2.296000e-01,
1062,-6.400000e-01,2.320000e-01,
1063,-5.600000e-01,2.292000e-01,
1064,-6.400000e-01,2.316000e-01,
1065,-5.200000e-01,2.292000e-01,
1066,-6.000000e-01,2.312000e-01,
1067,-4.800000e-01,2.288000e-01,
1068,-5.600000e-01,2.308000e-01,
1069,-4.400000e-01,2.280000e-01,
1070,-5.200000e-01,2.304000e-01,
1071,-4.000000e-01,2.276000e-01,
1072,-4.800000e-01,2.300000e-01,
1073,-3.600000e-01,2.272000e-01,
1074,-3.600000e-01,2.296000e-01,
1075,-4.800000e-01,2.268000e-01,
1076,-4.400000e-01,2.292000e-01,
1077,-3.200000e-01,2.264000e-01,
1078,-4.000000e-01,2.288000e-01,
1079,-3.200000e-01,2.256000e-01,
1080,-4.000000e-01,2.276000e-01,
1081,-2.800000e-01,2.248000e-01,
1082,-3.600000e-01,2.276000e-01,
1083,-2.800000e-01,2.244000e-01,
1084,-3.600000e-01,2.260000e-01,
1085,-2.400000e-01,2.232000e-01,
1086,-3.200000e-01,2.252000e-01,
1087,-2.000000e-01,2.220000e-01,
1088,-2.800000e-01,2.240000e-01,
1089,-1.600000e-01,2.212000e-01,
1090,-2.400000e-01,2.232000e-01,
1091,-1.200000e-01,2.204000e-01,
1092,-2.000000e-01,2.220000e-01,
1093,-8.000000e-02,2.192000e-01,
1094,-1.600000e-01,2.212000e-01,
1095,-4.000000e-02,2.184000e-01,
1096,-1.200000e-01,2.200000e-01,
1097,0.000000e+00,2.168000e-01,
1098,-8.000000e-02,2.192000e-01,
1099,4.000000e-02,2.160000e-01,
1100,-4.000000e-02,2.180000e-01,
1101,8.000000e-02,2.148000e-01,
1102,0.000000e+00,2.168000e-01,
1103,1.200000e-01,2.132000e-01,
1104,4.000000e-02,2.152000e-01,
1105,1.600000e-01,2.116000e-01,
1106,4.000000e-02,2.140000e-01,
1107,1.600000e-01,2.104000e-01,
1108,8.000000e-02,2.124000e-01,
1109,2.000000e-01,2.092000e-01,
1110,2.000000e-01,2.112000e-01,
1111,8.000000e-02,2.080000e-01,
1112,1.200000e-01,2.100000e-01,
1113,2.400000e-01,2.068000e-01,
1114,1.600000e-01,2.084000e-01,
1115,2.400000e-01,2.056000e-01,
1116,1.600000e-01,2.072000e-01,
1117,2.800000e-01,2.044000e-01,
1118,2.000000e-01,2.072000e-01,
1119,2.800000e-01,2.036000e-01,
1120,2.000000e-01,2.036000e-01,
1121,3.200000e-01,2.072000e-01,
1122,2.400000e-01,2.040000e-01,
1123,3.600000e-01,2.080000e-01,
1124,3.600000e-01,2.056000e-01,
1125,2.400000e-01,2.096000e-01,
1126,2.800000e-01,2.072000e-01,
1127,4.000000e-01,2.120000e-01,
1128,3.200000e-01,2.092000e-01,
1129,4.400000e-01,2.136000e-01,
1130,4.400000e-01,2.104000e-01,
1131,3.200000e-01,2.152000e-01,
1132,3.600000e-01,2.128000e-01,
1133,4.800000e-01,2.172000e-01,
1134,4.800000e-01,2.148000e-01,
1135,4.000000e-01,2.196000e-01,
1136,4.000000e-01,2.168000e-01,
1137,5.200000e-01,2.212000e-01,
1138,4.400000e-01,2.192000e-01,
1139,5.600000e-01,2.232000e-01,
1140,4.400000e-01,2.208000e-01,
1141,5.600000e-01,2.252000e-01,
1142,4.800000e-01,2.224000e-01,
1143,6.000000e-01,2.268000e-01,
1144,6.000000e-01,2.240000e-01,
1145,4.800000e-01,2.280000e-01,
1146,5.200000e-01,2.252000e-01,
1147,6.400000e-01,2.288000e-01,
1148,6.400000e-01,2.264000e-01,
1149,5.200000e-01,2.296000e-01,
1150,5.600000e-01,2.268000e-01,
1151,6.800000e-01,2.304000e-01,
1152,5.600000e-01,2.276000e-01,
1153,6.800000e-01,2.308000e-01,
1154,6.000000e-01,2.280000e-01,
1155,7.200000e-01,2.316000e-01,
1156,6.000000e-01,2.288000e-01,
1157,7.200000e-01,2.316000e-01,
1158,6.400000e-01,2.292000e-01,
1159,7.200000e-01,2.320000e-01,
1160,6.400000e-01,2.296000e-01,
1161,7.600000e-01,2.320000e-01,
1162,6.800000e-01,2.300000e-01,
1163,7.600000e-01,2.324000e-01,
1164,6.800000e-01,2.304000e-01,
1165,8.000000e-01,2.328000e-01,
1166,7.200000e-01,2.304000e-01,
1167,8.400000e-01,2.332000e-01,
1168,7.200000e-01,2.332000e-01,
1169,8.400000e-01,2.308000e-01,
1170,7.600000e-01,2.308000e-01,
1171,8.800000e-01,2.336000e-01,
1172,8.000000e-01,2.308000e-01,
1173,9.600000e-01,2.352000e-01,
1174,8.400000e-01,2.312000e-01,
1175,9.600000e-01,2.336000e-01,
1176,8.800000e-01,2.340000e-01,
1177,1.000000e+00,2.312000e-01,
1178,8.800000e-01,2.316000e-01,
1179,1.000000e+00,2.340000e-01,
1180,1.000000e+00,2.316000e-01,
1181,8.800000e-01,2.344000e-01,
1182,9.200000e-01,2.316000e-01,
1183,1.040000e+00,2.344000e-01,
1184,9.200000e-01,2.320000e-01,
1185,1.040000e+00,2.340000e-01,
1186,9.600000e-01,2.316000e-01,
1187,1.040000e+00,2.344000e-01,
1188,9.600000e-01,2.320000e-01,
1189,1.080000e+00,2.344000e-01,
1190,9.600000e-01,2.316000e-01,
1191,1.080000e+00,2.344000e-01,
1192,1.000000e+00,2.344000e-01,
1193,1.120000e+00,2.320000e-01,
1194,1.000000e+00,2.344000e-01,
1195,1.120000e+00,2.320000e-01,
1196,1.040000e+00,2.344000e-01,
1197,1.120000e+00,2.316000e-01,
1198,1.040000e+00,2.344000e-01,
1199,1.160000e+00,2.320000e-01,
1200,1.040000e+00,2.320000e-01,
1201,1.160000e+00,2.344000e-01,
1202,1.040000e+00,2.344000e-01,
1203,1.160000e+00,2.320000e-01,
1204,1.080000e+00,2.320000e-01,
1205,1.160000e+00,2.344000e-01,
1206,1.160000e+00,2.344000e-01,
1207,1.080000e+00,2.324000e-01,
1208,1.080000e+00,2.324000e-01,
1209,1.200000e+00,2.348000e-01,
1210,1.080000e+00,2.348000e-01,
1211,1.200000e+00,2.320000e-01,
1212,1.080000e+00,2.348000e-01,
1213,1.200000e+00,2.320000e-01,
1214,1.200000e+00,2.324000e-01,
1215,1.080000e+00,2.348000e-01,
1216,1.120000e+00,2.348000e-01,
1217,1.200000e+00,2.320000e-01,
1218,1.120000e+00,2.344000e-01,
1219,1.200000e+00,2.320000e-01,
1220,1.120000e+00,2.324000e-01,
1221,1.200000e+00,2.344000e-01,
1222,1.120000e+00,2.348000e-01,
1223,1.200000e+00,2.320000e-01,
1224,1.200000e+00,2.344000e-01,
1225,1.080000e+00,2.320000e-01,
1226,1.200000e+00,2.344000e-01,
1227,1.080000e+00,2.320000e-01,
1228,1.200000e+00,2.316000e-01,
1229,1.080000e+00,2.344000e-01,
1230,1.080000e+00,2.344000e-01,
1231,1.200000e+00,2.320000e-01,
1232,1.160000e+00,2.340000e-01,
1233,1.080000e+00,2.320000e-01,
1234,1.160000e+00,2.320000e-01,
1235,1.040000e+00,2.344000e-01,
1236,1.160000e+00,2.340000e-01,
1237,1.040000e+00,2.316000e-01,
1238,1.040000e+00,2.316000e-01,
1239,1.160000e+00,2.340000e-01,
1240,1.120000e+00,2.340000e-01,
1241,1.000000e+00,2.312000e-01,
1242,1.000000e+00,2.312000e-01,
1243,1.120000e+00,2.336000e-01,
1244,1.080000e+00,2.336000e-01,
1245,9.600000e-01,2.312000e-01,
1246,1.040000e+00,2.336000e-01,
1247,9.600000e-01,2.308000e-01,
1248,9.200000e-01,2.308000e-01,
1249,1.040000e+00,2.332000e-01,
1250,1.000000e+00,2.332000e-01,
1251,8.800000e-01,2.304000e-01,
1252,9.600000e-01,2.328000e-01,
1253,8.800000e-01,2.304000e-01,
1254,9.600000e-01,2.328000e-01,
1255,8.400000e-01,2.296000e-01,
1256,9.200000e-01,2.328000e-01,
1257,8.000000e-01,2.292000e-01,
1258,8.800000e-01,2.324000e-01,
1259,8.000000e-01,2.292000e-01,
1260,8.800000e-01,2.320000e-01,
1261,7.600000e-01,2.288000e-01,
1262,8.400000e-01,2.316000e-01,
1263,7.200000e-01,2.280000e-01,
1264,7.200000e-01,2.312000e-01,
1265,8.000000e-01,2.276000e-01,
1266,8.000000e-01,2.272000e-01,
1267,6.800000e-01,2.308000e-01,
1268,7.600000e-01,2.264000e-01,
1269,6.400000e-01,2.300000e-01,
1270,7.200000e-01,2.288000e-01,
1271,6.000000e-01,2.256000e-01,
1272,7.200000e-01,2.284000e-01,
1273,5.600000e-01,2.244000e-01,
1274,5.600000e-01,2.268000e-01,
1275,6.800000e-01,2.236000e-01,
1276,6.400000e-01,2.256000e-01,
1277,5.200000e-01,2.216000e-01,
1278,6.000000e-01,2.244000e-01,
1279,4.800000e-01,2.200000e-01,
1280,5.600000e-01,2.224000e-01,
1281,4.800000e-01,2.180000e-01,
1282,5.600000e-01,2.200000e-01,
1283,4.400000e-01,2.160000e-01,
1284,5.200000e-01,2.176000e-01,
1285,4.000000e-01,2.136000e-01,
1286,4.800000e-01,2.156000e-01,
1287,3.600000e-01,2.116000e-01,
1288,4.800000e-01,2.140000e-01,
1289,3.200000e-01,2.100000e-01,
1290,3.200000e-01,2.120000e-01,
1291,4.400000e-01,2.076000e-01,
1292,4.000000e-01,2.100000e-01,
1293,2.800000e-01,2.068000e-01,
1294,3.600000e-01,2.084000e-01,
1295,2.400000e-01,2.052000e-01,
1296,3.200000e-01,2.072000e-01,
1297,2.000000e-01,2.044000e-01,
1298,2.400000e-01,2.044000e-01,
1299,1.600000e-01,2.072000e-01,
1300,2.400000e-01,2.048000e-01,
1301,1.200000e-01,2.076000e-01,
1302,2.000000e-01,2.056000e-01,
1303,8.000000e-02,2.092000e-01,
1304,1.600000e-01,2.064000e-01,
1305,4.000000e-02,2.100000e-01,
1306,4.000000e-02,2.076000e-01,
1307,1.600000e-01,2.120000e-01,
1308,1.200000e-01,2.096000e-01,
1309,0.000000e+00,2.132000e-01,
1310,0.000000e+00,2.108000e-01,
1311,1.200000e-01,2.140000e-01,
1312,8.000000e-02,2.120000e-01,
1313,-4.000000e-02,2.160000e-01,
1314,4.000000e-02,2.132000e-01,
1315,-8.000000e-02,2.168000e-01,
1316,-8.000000e-02,2.148000e-01,
1317,4.000000e-02,2.180000e-01,
1318,0.000000e+00,2.160000e-01,
1319,-1.200000e-01,2.188000e-01,
1320,-4.000000e-02,2.172000e-01,
1321,-1.200000e-01,2.200000e-01,
1322,-1.600000e-01,2.180000e-01,
1323,-4.000000e-02,2.212000e-01,
1324,-8.000000e-02,2.184000e-01,
1325,-2.000000e-01,2.224000e-01,
1326,-8.000000e-02,2.196000e-01,
1327,-2.400000e-01,2.228000e-01,
1328,-1.200000e-01,2.200000e-01,
1329,-2.400000e-01,2.240000e-01,
1330,-1.600000e-01,2.208000e-01,
1331,-2.800000e-01,2.252000e-01,
1332,-2.800000e-01,2.216000e-01,
1333,-1.600000e-01,2.260000e-01,
1334,-2.000000e-01,2.228000e-01,
1335,-3.200000e-01,2.268000e-01,
1336,-2.400000e-01,2.240000e-01,
1337,-3.200000e-01,2.272000e-01,
1338,-2.400000e-01,2.244000e-01,
1339,-3.600000e-01,2.280000e-01,
1340,-3.600000e-01,2.248000e-01,
1341,-2.400000e-01,2.292000e-01,
1342,-2.800000e-01,2.260000e-01,
1343,-4.000000e-01,2.292000e-01,
1344,-4.000000e-01,2.264000e-01,
1345,-3.200000e-01,2.300000e-01,
1346,-3.200000e-01,2.268000e-01,
1347,-4.400000e-01,2.300000e-01,
1348,-3.600000e-01,2.272000e-01,
1349,-4.400000e-01,2.308000e-01,
1350,-3.600000e-01,2.280000e-01,
1351,-4.800000e-01,2.312000e-01,
1352,-4.000000e-01,2.284000e-01,
1353,-4.800000e-01,2.312000e-01,
1354,-4.000000e-01,2.284000e-01,
1355,-5.200000e-01,2.316000e-01,
1356,-5.200000e-01,2.292000e-01,
1357,-4.000000e-01,2.320000e-01,
1358,-4.400000e-01,2.320000e-01,
1359,-5.600000e-01,2.292000e-01,
1360,-5.600000e-01,2.296000e-01,
1361,-4.400000e-01,2.324000e-01,
1362,-4.800000e-01,2.300000e-01,
1363,-6.000000e-01,2.324000e-01,
1364,-4.800000e-01,2.324000e-01,
1365,-6.000000e-01,2.300000e-01,
1366,-5.200000e-01,2.300000e-01,
1367,-6.400000e-01,2.332000e-01,
1368,-5.600000e-01,2.308000e-01,
1369,-6.800000e-01,2.332000e-01,
1370,-6.000000e-01,2.308000e-01,
1371,-7.200000e-01,2.332000e-01,
1372,-6.000000e-01,2.308000e-01,
1373,-7.200000e-01,2.336000e-01,
1374,-6.400000e-01,2.332000e-01,
1375,-7.600000e-01,2.308000e-01,
1376,-6.800000e-01,2.312000e-01,
1377,-8.000000e-01,2.336000e-01,
1378,-7.200000e-01,2.340000e-01,
1379,-8.000000e-01,2.308000e-01,
1380,-7.200000e-01,2.312000e-01,
1381,-8.000000e-01,2.336000e-01,
1382,-7.200000e-01,2.336000e-01,
1383,-8.400000e-01,2.312000e-01,
1384,-7.600000e-01,2.312000e-01,
1385,-8.400000e-01,2.340000e-01,
1386,-7.600000e-01,2.336000e-01,
1387,-8.400000e-01,2.308000e-01,
1388,-7.600000e-01,2.312000e-01,
1389,-8.800000e-01,2.340000e-01,
1390,-8.000000e-01,2.316000e-01,
1391,-8.800000e-01,2.340000e-01,
1392,-8.000000e-01,2.316000e-01,
1393,-9.200000e-01,2.336000e-01,
1394,-9.200000e-01,2.316000e-01,
1395,-8.400000e-01,2.340000e-01,
1396,-8.400000e-01,2.308000e-01,
1397,-9.200000e-01,2.340000e-01,
1398,-9.200000e-01,2.316000e-01,
1399,-8.400000e-01,2.340000e-01,
